"env","loc","year","gen","yield","height","lodging"
"L70","Lawes",1970,"G01",2.387,1.445,4.25
"L70","Lawes",1970,"G02",2.282,1.45,4.25
"L70","Lawes",1970,"G03",2.567,1.46,3.75
"L70","Lawes",1970,"G04",2.877,1.26,3.5
"L70","Lawes",1970,"G05",2.392,1.335,3.5
"L70","Lawes",1970,"G06",2.408,1.36,4
"L70","Lawes",1970,"G07",2.699,1.3,3
"L70","Lawes",1970,"G08",2.457,0.955,3.25
"L70","Lawes",1970,"G09",2.567,1.03,3
"L70","Lawes",1970,"G10",2.984,1.155,3.75
"L70","Lawes",1970,"G11",1.663,1.42,4.5
"L70","Lawes",1970,"G12",1.964,1.435,4.25
"L70","Lawes",1970,"G13",1.472,1.585,4.5
"L70","Lawes",1970,"G14",2.72,1.33,4
"L70","Lawes",1970,"G15",2.22,1.37,4.25
"L70","Lawes",1970,"G16",1.655,1.7,4.75
"L70","Lawes",1970,"G17",1.722,1.28,4.25
"L70","Lawes",1970,"G18",1.432,1.495,4.5
"L70","Lawes",1970,"G19",1.434,1.37,4.25
"L70","Lawes",1970,"G20",0.998,1.32,4.5
"L70","Lawes",1970,"G21",1.373,1.575,4.25
"L70","Lawes",1970,"G22",2.185,1.345,4.25
"L70","Lawes",1970,"G23",2.405,1.485,4.25
"L70","Lawes",1970,"G24",2.643,1.46,3.75
"L70","Lawes",1970,"G25",2.315,1.46,3.5
"L70","Lawes",1970,"G26",3.211,1.18,4
"L70","Lawes",1970,"G27",2.239,1.18,3.5
"L70","Lawes",1970,"G28",2.775,1.625,4.25
"L70","Lawes",1970,"G29",1.848,1.13,4
"L70","Lawes",1970,"G30",1.402,1.435,4.25
"L70","Lawes",1970,"G31",2.562,1.22,3.75
"L70","Lawes",1970,"G32",3.003,1.73,3.5
"L70","Lawes",1970,"G33",2.395,1.41,4
"L70","Lawes",1970,"G34",2.4,1.475,4
"L70","Lawes",1970,"G35",2.341,1.105,3.5
"L70","Lawes",1970,"G36",1.98,0.915,3.5
"L70","Lawes",1970,"G37",2.166,1.7,4.25
"L70","Lawes",1970,"G38",2.341,1.17,4.5
"L70","Lawes",1970,"G39",2.435,1.61,4.5
"L70","Lawes",1970,"G40",1.556,1.205,4
"L70","Lawes",1970,"G41",1.967,1.385,4.5
"L70","Lawes",1970,"G42",2.241,1.36,3.75
"L70","Lawes",1970,"G43",1.369,1.105,3.75
"L70","Lawes",1970,"G44",1.456,0.875,2
"L70","Lawes",1970,"G45",3.259,0.785,2.75
"L70","Lawes",1970,"G46",1.44,0.81,1.75
"L70","Lawes",1970,"G47",2.298,0.85,2
"L70","Lawes",1970,"G48",4.381,0.76,3.75
"L70","Lawes",1970,"G49",2.761,1.08,3
"L70","Lawes",1970,"G50",3.375,0.835,2.75
"L70","Lawes",1970,"G51",0.586,0.79,2.75
"L70","Lawes",1970,"G52",0.775,0.66,2
"L70","Lawes",1970,"G53",2.748,0.94,3.25
"L70","Lawes",1970,"G54",2.734,0.71,1
"L70","Lawes",1970,"G55",2.306,0.86,2
"L70","Lawes",1970,"G56",3.17,0.74,2
"L70","Lawes",1970,"G57",3.119,0.8,2.25
"L70","Lawes",1970,"G58",1.227,0.81,3.5
"B70","Brookstead",1970,"G01",1.253,1.015,3.25
"B70","Brookstead",1970,"G02",1.167,1.13,2.75
"B70","Brookstead",1970,"G03",0.468,1.155,2.25
"B70","Brookstead",1970,"G04",1.445,1.235,1.5
"B70","Brookstead",1970,"G05",1.338,1.12,2
"B70","Brookstead",1970,"G06",0.913,1.105,2.25
"B70","Brookstead",1970,"G07",1.239,1.13,2
"B70","Brookstead",1970,"G08",0.385,1.12,2.25
"B70","Brookstead",1970,"G09",1.108,1.04,1.75
"B70","Brookstead",1970,"G10",1.796,1.045,2
"B70","Brookstead",1970,"G11",1.023,1.015,3.25
"B70","Brookstead",1970,"G12",0.793,1.095,3
"B70","Brookstead",1970,"G13",0.577,1.255,3
"B70","Brookstead",1970,"G14",1.348,1.045,2.75
"B70","Brookstead",1970,"G15",1.645,1.025,2.75
"B70","Brookstead",1970,"G16",0.859,0.54,3
"B70","Brookstead",1970,"G17",1.209,1.09,3
"B70","Brookstead",1970,"G18",1.164,1.04,3
"B70","Brookstead",1970,"G19",0.595,1.205,2.75
"B70","Brookstead",1970,"G20",1.387,1.115,3
"B70","Brookstead",1970,"G21",1.469,0.94,3
"B70","Brookstead",1970,"G22",1.865,0.89,2.5
"B70","Brookstead",1970,"G23",1.316,1.14,2.5
"B70","Brookstead",1970,"G24",2.153,0.99,2.5
"B70","Brookstead",1970,"G25",1.148,1.19,2.25
"B70","Brookstead",1970,"G26",2.023,1.13,2.25
"B70","Brookstead",1970,"G27",2.42,1.22,2
"B70","Brookstead",1970,"G28",1.706,1.17,3
"B70","Brookstead",1970,"G29",0.779,1.195,2.5
"B70","Brookstead",1970,"G30",0.424,1.07,2.5
"B70","Brookstead",1970,"G31",1.595,1.055,2.5
"B70","Brookstead",1970,"G32",1.71,1.155,2.5
"B70","Brookstead",1970,"G33",2.832,1.18,2.75
"B70","Brookstead",1970,"G34",1.704,1.18,2.5
"B70","Brookstead",1970,"G35",1.403,1.055,2.5
"B70","Brookstead",1970,"G36",0.814,1.105,3.25
"B70","Brookstead",1970,"G37",1.467,1.04,3.25
"B70","Brookstead",1970,"G38",2.137,0.94,2
"B70","Brookstead",1970,"G39",2.349,1.105,2.75
"B70","Brookstead",1970,"G40",1.77,1.245,3.75
"B70","Brookstead",1970,"G41",2.23,1.32,4.5
"B70","Brookstead",1970,"G42",1.215,1.32,3
"B70","Brookstead",1970,"G43",0.975,0.915,3.25
"B70","Brookstead",1970,"G44",1.352,0.86,1.75
"B70","Brookstead",1970,"G45",2.789,0.775,1.75
"B70","Brookstead",1970,"G46",2.269,0.8,1
"B70","Brookstead",1970,"G47",2.405,0.875,1.25
"B70","Brookstead",1970,"G48",2.729,0.93,1.75
"B70","Brookstead",1970,"G49",2.81,1.07,2.5
"B70","Brookstead",1970,"G50",3.16,0.94,1.25
"B70","Brookstead",1970,"G51",0.939,0.71,1.25
"B70","Brookstead",1970,"G52",0.466,0.56,1.25
"B70","Brookstead",1970,"G53",2.886,0.9,1.5
"B70","Brookstead",1970,"G54",1.037,0.675,1.25
"B70","Brookstead",1970,"G55",2.327,0.71,1
"B70","Brookstead",1970,"G56",2.523,0.765,1.5
"B70","Brookstead",1970,"G57",2.824,0.71,1.25
"B70","Brookstead",1970,"G58",0.617,0.66,1
"N70","Nambour",1970,"G01",2.263,0.75,2.25
"N70","Nambour",1970,"G02",2.164,0.71,2
"N70","Nambour",1970,"G03",2.354,0.685,1.5
"N70","Nambour",1970,"G04",2.125,0.71,1.5
"N70","Nambour",1970,"G05",2.583,0.71,1.25
"N70","Nambour",1970,"G06",2.451,0.595,1.25
"N70","Nambour",1970,"G07",2.354,0.645,1.5
"N70","Nambour",1970,"G08",1.967,0.595,1.5
"N70","Nambour",1970,"G09",2.236,0.71,1.5
"N70","Nambour",1970,"G10",1.636,0.595,1
"N70","Nambour",1970,"G11",1.932,0.65,2.25
"N70","Nambour",1970,"G12",1.951,0.785,3.25
"N70","Nambour",1970,"G13",1.787,0.86,2.5
"N70","Nambour",1970,"G14",2.282,0.725,1.5
"N70","Nambour",1970,"G15",1.978,0.76,1.75
"N70","Nambour",1970,"G16",1.938,0.71,2.25
"N70","Nambour",1970,"G17",1.916,0.685,2
"N70","Nambour",1970,"G18",1.865,0.835,2.25
"N70","Nambour",1970,"G19",1.956,0.76,2.5
"N70","Nambour",1970,"G20",1.9,0.685,1.5
"N70","Nambour",1970,"G21",2.062,0.825,2.75
"N70","Nambour",1970,"G22",1.763,0.685,1.5
"N70","Nambour",1970,"G23",1.932,0.825,1.75
"N70","Nambour",1970,"G24",2.403,0.725,2.25
"N70","Nambour",1970,"G25",2.64,0.71,1.5
"N70","Nambour",1970,"G26",1.572,0.61,1
"N70","Nambour",1970,"G27",2.312,0.76,1.25
"N70","Nambour",1970,"G28",2.077,0.7,1.5
"N70","Nambour",1970,"G29",2.035,0.785,2.5
"N70","Nambour",1970,"G30",1.684,0.875,1.5
"N70","Nambour",1970,"G31",2.074,0.8,1.5
"N70","Nambour",1970,"G32",2.115,0.955,2.5
"N70","Nambour",1970,"G33",1.849,0.775,1.5
"N70","Nambour",1970,"G34",1.816,0.94,1.75
"N70","Nambour",1970,"G35",1.921,0.8,1.75
"N70","Nambour",1970,"G36",1.569,0.835,2
"N70","Nambour",1970,"G37",1.797,0.91,1.5
"N70","Nambour",1970,"G38",1.972,0.66,1.25
"N70","Nambour",1970,"G39",1.938,0.91,1.5
"N70","Nambour",1970,"G40",1.407,0.825,1
"N70","Nambour",1970,"G41",1.598,0.825,1.5
"N70","Nambour",1970,"G42",1.76,1,2.25
"N70","Nambour",1970,"G43",1.593,0.725,1.5
"N70","Nambour",1970,"G44",1.02,0.435,1
"N70","Nambour",1970,"G45",2.377,0.42,1
"N70","Nambour",1970,"G46",1.162,0.395,1
"N70","Nambour",1970,"G47",1.819,0.535,1
"N70","Nambour",1970,"G48",2.25,0.42,1
"N70","Nambour",1970,"G49",1.941,0.495,1
"N70","Nambour",1970,"G50",1.806,0.435,1
"N70","Nambour",1970,"G51",0.983,0.395,1
"N70","Nambour",1970,"G52",0.71,0.33,1
"N70","Nambour",1970,"G53",1.972,0.48,1
"N70","Nambour",1970,"G54",1.838,0.455,1
"N70","Nambour",1970,"G55",1.897,0.3,1
"N70","Nambour",1970,"G56",1.916,0.41,1
"N70","Nambour",1970,"G57",1.983,0.355,1
"N70","Nambour",1970,"G58",0.282,0.395,1
"R70","RedlandBay",1970,"G01",0.778,0.9,3.25
"R70","RedlandBay",1970,"G02",1.087,0.9,3.75
"R70","RedlandBay",1970,"G03",1.58,0.835,2.25
"R70","RedlandBay",1970,"G04",1.986,1.005,2.5
"R70","RedlandBay",1970,"G05",2.035,0.85,2.25
"R70","RedlandBay",1970,"G06",1.353,0.93,3
"R70","RedlandBay",1970,"G07",1.811,0.9,2.25
"R70","RedlandBay",1970,"G08",1.165,0.89,1.75
"R70","RedlandBay",1970,"G09",1.927,0.93,2.25
"R70","RedlandBay",1970,"G10",1.517,0.85,2.75
"R70","RedlandBay",1970,"G11",0.455,1.005,3.5
"R70","RedlandBay",1970,"G12",0.492,1.05,3.25
"R70","RedlandBay",1970,"G13",0.644,0.995,3.75
"R70","RedlandBay",1970,"G14",1.022,1.105,3.75
"R70","RedlandBay",1970,"G15",1.334,1,3
"R70","RedlandBay",1970,"G16",0.737,0.965,3.5
"R70","RedlandBay",1970,"G17",0.487,0.89,3.25
"R70","RedlandBay",1970,"G18",0.667,1.08,3.5
"R70","RedlandBay",1970,"G19",0.969,1.215,4
"R70","RedlandBay",1970,"G20",0.793,1.08,4
"R70","RedlandBay",1970,"G21",0.716,0.86,3
"R70","RedlandBay",1970,"G22",0.557,0.98,3
"R70","RedlandBay",1970,"G23",0.622,1.005,2.75
"R70","RedlandBay",1970,"G24",1.254,0.9,3
"R70","RedlandBay",1970,"G25",1.596,1.09,3.75
"R70","RedlandBay",1970,"G26",1.556,0.995,3.5
"R70","RedlandBay",1970,"G27",1.59,0.925,3
"R70","RedlandBay",1970,"G28",0.81,1.115,3.25
"R70","RedlandBay",1970,"G29",1.359,1.445,4.25
"R70","RedlandBay",1970,"G30",0.928,1.07,2.5
"R70","RedlandBay",1970,"G31",0.517,0.93,3.5
"R70","RedlandBay",1970,"G32",1.042,0.955,2.75
"R70","RedlandBay",1970,"G33",1.471,1.015,3.5
"R70","RedlandBay",1970,"G34",0.987,0.99,3.5
"R70","RedlandBay",1970,"G35",1.141,1.12,3
"R70","RedlandBay",1970,"G36",0.365,0.915,3.75
"R70","RedlandBay",1970,"G37",1.302,1.12,3.25
"R70","RedlandBay",1970,"G38",1.114,0.825,3
"R70","RedlandBay",1970,"G39",1.515,1.28,4.25
"R70","RedlandBay",1970,"G40",1.44,0.995,3.5
"R70","RedlandBay",1970,"G41",1.669,1.04,4.25
"R70","RedlandBay",1970,"G42",1.222,1.095,3.5
"R70","RedlandBay",1970,"G43",1.111,1.005,2.25
"R70","RedlandBay",1970,"G44",3.07,0.61,2
"R70","RedlandBay",1970,"G45",2.535,0.56,2
"R70","RedlandBay",1970,"G46",3.394,0.495,2.25
"R70","RedlandBay",1970,"G47",2.938,0.605,1.75
"R70","RedlandBay",1970,"G48",3.025,0.52,2.5
"R70","RedlandBay",1970,"G49",3.62,1.02,3.5
"R70","RedlandBay",1970,"G50",3.084,0.595,2.25
"R70","RedlandBay",1970,"G51",2.153,0.61,2.5
"R70","RedlandBay",1970,"G52",2.28,0.545,2.25
"R70","RedlandBay",1970,"G53",3.286,0.585,2.25
"R70","RedlandBay",1970,"G54",3.227,0.685,2
"R70","RedlandBay",1970,"G55",3.299,0.43,1.25
"R70","RedlandBay",1970,"G56",4.126,0.56,2.25
"R70","RedlandBay",1970,"G57",3.671,0.545,1.75
"R70","RedlandBay",1970,"G58",2.667,0.62,2
"L71","Lawes",1971,"G01",2.788,0.97,2.5
"L71","Lawes",1971,"G02",2.618,0.785,2.25
"L71","Lawes",1971,"G03",2.476,0.955,2.25
"L71","Lawes",1971,"G04",2.917,0.76,1.25
"L71","Lawes",1971,"G05",2.137,0.76,1.75
"L71","Lawes",1971,"G06",2.863,0.65,1.75
"L71","Lawes",1971,"G07",2.974,0.8,1.5
"L71","Lawes",1971,"G08",1.649,0.9,2.5
"L71","Lawes",1971,"G09",3.1,0.825,2
"L71","Lawes",1971,"G10",3.005,0.785,1.75
"L71","Lawes",1971,"G11",1.897,0.875,3
"L71","Lawes",1971,"G12",1.644,1.155,3.25
"L71","Lawes",1971,"G13",1.967,1.08,3.5
"L71","Lawes",1971,"G14",2.447,0.865,2.75
"L71","Lawes",1971,"G15",2.627,0.675,1.75
"L71","Lawes",1971,"G16",2.255,0.98,2.75
"L71","Lawes",1971,"G17",1.811,0.995,3
"L71","Lawes",1971,"G18",1.924,1.245,3.25
"L71","Lawes",1971,"G19",2.729,0.76,2.5
"L71","Lawes",1971,"G20",1.938,0.97,3.75
"L71","Lawes",1971,"G21",1.781,1.105,3
"L71","Lawes",1971,"G22",1.475,1.07,4
"L71","Lawes",1971,"G23",2.037,0.955,2.5
"L71","Lawes",1971,"G24",2.914,0.84,1.75
"L71","Lawes",1971,"G25",2.662,0.925,2
"L71","Lawes",1971,"G26",3.135,0.865,1.75
"L71","Lawes",1971,"G27",3.019,0.855,1.25
"L71","Lawes",1971,"G28",2.774,0.735,2.25
"L71","Lawes",1971,"G29",2.12,0.94,2.5
"L71","Lawes",1971,"G30",2.435,1.015,2.5
"L71","Lawes",1971,"G31",2.317,0.94,1.75
"L71","Lawes",1971,"G32",3.009,1.045,1.5
"L71","Lawes",1971,"G33",3.097,1,2.25
"L71","Lawes",1971,"G34",2.349,0.825,1.75
"L71","Lawes",1971,"G35",2.495,0.97,1.75
"L71","Lawes",1971,"G36",1.513,0.89,3.25
"L71","Lawes",1971,"G37",2.817,1.095,2.5
"L71","Lawes",1971,"G38",2.546,0.79,1.5
"L71","Lawes",1971,"G39",2.608,0.94,1.75
"L71","Lawes",1971,"G40",2.428,0.905,1.75
"L71","Lawes",1971,"G41",2.658,1.015,2.25
"L71","Lawes",1971,"G42",2.476,1.08,1.75
"L71","Lawes",1971,"G43",1.738,0.915,2.75
"L71","Lawes",1971,"G44",2.772,0.725,2
"L71","Lawes",1971,"G45",3.824,0.56,1.25
"L71","Lawes",1971,"G46",2.998,0.52,1.25
"L71","Lawes",1971,"G47",2.977,0.61,1.25
"L71","Lawes",1971,"G48",3.571,0.545,1.25
"L71","Lawes",1971,"G49",3.437,0.66,1.25
"L71","Lawes",1971,"G50",3.111,0.535,1.5
"L71","Lawes",1971,"G51",1.415,0.42,1.25
"L71","Lawes",1971,"G52",1.862,0.435,1.25
"L71","Lawes",1971,"G53",2.941,0.51,1.5
"L71","Lawes",1971,"G54",1.926,0.455,1
"L71","Lawes",1971,"G55",3.049,0.405,1.5
"L71","Lawes",1971,"G56",2.804,0.47,1.25
"L71","Lawes",1971,"G57",3.391,0.685,1.5
"L71","Lawes",1971,"G58",1.44,0.44,1
"B71","Brookstead",1971,"G01",2.559,0.965,3.25
"B71","Brookstead",1971,"G02",2.34,0.835,2.75
"B71","Brookstead",1971,"G03",2.874,0.98,3.25
"B71","Brookstead",1971,"G04",3.009,0.9,2.25
"B71","Brookstead",1971,"G05",2.537,0.975,3.25
"B71","Brookstead",1971,"G06",1.877,0.94,3.25
"B71","Brookstead",1971,"G07",2.557,0.95,2.75
"B71","Brookstead",1971,"G08",1.613,0.915,3
"B71","Brookstead",1971,"G09",2.24,0.85,2.75
"B71","Brookstead",1971,"G10",2.597,0.81,2.5
"B71","Brookstead",1971,"G11",2.212,1.08,3.25
"B71","Brookstead",1971,"G12",1.885,1.12,4
"B71","Brookstead",1971,"G13",2.008,1.13,2.75
"B71","Brookstead",1971,"G14",2.765,1.13,3.5
"B71","Brookstead",1971,"G15",2.353,1.12,2.75
"B71","Brookstead",1971,"G16",2.075,1.12,2.75
"B71","Brookstead",1971,"G17",1.671,0.97,3
"B71","Brookstead",1971,"G18",1.493,0.98,3
"B71","Brookstead",1971,"G19",1.62,1.145,3.5
"B71","Brookstead",1971,"G20",1.673,1.045,2.75
"B71","Brookstead",1971,"G21",1.853,1.13,3
"B71","Brookstead",1971,"G22",2.076,0.99,2.75
"B71","Brookstead",1971,"G23",2.367,1.03,3
"B71","Brookstead",1971,"G24",2.331,0.98,3
"B71","Brookstead",1971,"G25",2.271,0.95,2.5
"B71","Brookstead",1971,"G26",2.935,0.98,2.25
"B71","Brookstead",1971,"G27",2.755,1.065,2.25
"B71","Brookstead",1971,"G28",2.337,1.055,3.5
"B71","Brookstead",1971,"G29",1.77,1.055,3.25
"B71","Brookstead",1971,"G30",1.11,0.965,3.25
"B71","Brookstead",1971,"G31",2.285,1.02,2.5
"B71","Brookstead",1971,"G32",2.252,1.17,3
"B71","Brookstead",1971,"G33",1.865,1.02,2.5
"B71","Brookstead",1971,"G34",2.039,1.07,3
"B71","Brookstead",1971,"G35",2.688,1.105,2
"B71","Brookstead",1971,"G36",1.737,1.045,2.5
"B71","Brookstead",1971,"G37",2.625,1.12,3.25
"B71","Brookstead",1971,"G38",2.289,0.94,2.5
"B71","Brookstead",1971,"G39",2.545,1.295,3.75
"B71","Brookstead",1971,"G40",2.551,1.07,4.5
"B71","Brookstead",1971,"G41",2.196,1.37,3
"B71","Brookstead",1971,"G42",2.366,1.045,2.25
"B71","Brookstead",1971,"G43",1.645,0.97,3
"B71","Brookstead",1971,"G44",3.033,0.76,3
"B71","Brookstead",1971,"G45",3.752,0.735,2.5
"B71","Brookstead",1971,"G46",3.368,0.735,2.75
"B71","Brookstead",1971,"G47",3.449,0.725,1.75
"B71","Brookstead",1971,"G48",3.084,0.79,2.25
"B71","Brookstead",1971,"G49",3.896,1.005,2.25
"B71","Brookstead",1971,"G50",3.614,0.75,3
"B71","Brookstead",1971,"G51",1.75,0.63,2
"B71","Brookstead",1971,"G52",2.37,0.58,1.5
"B71","Brookstead",1971,"G53",3.824,0.675,1.75
"B71","Brookstead",1971,"G54",2.45,0.67,1
"B71","Brookstead",1971,"G55",3.475,0.57,1.25
"B71","Brookstead",1971,"G56",3.542,0.69,1.25
"B71","Brookstead",1971,"G57",3.585,0.635,1.25
"B71","Brookstead",1971,"G58",2.44,0.675,1.5
"N71","Nambour",1971,"G01",2.097,0.725,1.25
"N71","Nambour",1971,"G02",2.6,0.595,1
"N71","Nambour",1971,"G03",2.532,0.61,1
"N71","Nambour",1971,"G04",3.025,0.7,1
"N71","Nambour",1971,"G05",2.524,0.66,1.25
"N71","Nambour",1971,"G06",2.855,0.57,1
"N71","Nambour",1971,"G07",2.887,0.685,1
"N71","Nambour",1971,"G08",2.645,0.57,1
"N71","Nambour",1971,"G09",2.234,0.605,1
"N71","Nambour",1971,"G10",2.667,0.57,1
"N71","Nambour",1971,"G11",2.08,0.7,1.5
"N71","Nambour",1971,"G12",1.781,0.76,1.75
"N71","Nambour",1971,"G13",2.093,0.89,1.75
"N71","Nambour",1971,"G14",2.567,0.775,1.75
"N71","Nambour",1971,"G15",2.199,0.725,1.5
"N71","Nambour",1971,"G16",2.161,0.75,1.5
"N71","Nambour",1971,"G17",1.76,0.8,2
"N71","Nambour",1971,"G18",1.515,0.79,2
"N71","Nambour",1971,"G19",2.333,0.69,1.5
"N71","Nambour",1971,"G20",2.526,0.71,1.75
"N71","Nambour",1971,"G21",2.433,0.765,1.5
"N71","Nambour",1971,"G22",2.155,0.725,1.5
"N71","Nambour",1971,"G23",1.891,0.75,1.25
"N71","Nambour",1971,"G24",2.46,0.62,1.25
"N71","Nambour",1971,"G25",2.618,0.635,1
"N71","Nambour",1971,"G26",2.153,0.535,1
"N71","Nambour",1971,"G27",2.659,0.57,1
"N71","Nambour",1971,"G28",1.862,0.75,1.5
"N71","Nambour",1971,"G29",2.567,0.785,2
"N71","Nambour",1971,"G30",1.284,0.825,2.25
"N71","Nambour",1971,"G31",1.991,0.815,1.25
"N71","Nambour",1971,"G32",2.707,0.835,1.75
"N71","Nambour",1971,"G33",2.624,0.74,1.5
"N71","Nambour",1971,"G34",2.333,0.835,1.75
"N71","Nambour",1971,"G35",2.296,0.76,1.25
"N71","Nambour",1971,"G36",2.257,0.735,1.75
"N71","Nambour",1971,"G37",2.029,0.875,1.75
"N71","Nambour",1971,"G38",2.377,0.57,1
"N71","Nambour",1971,"G39",2.46,0.88,1.75
"N71","Nambour",1971,"G40",2.393,0.675,1.5
"N71","Nambour",1971,"G41",2.341,0.785,1
"N71","Nambour",1971,"G42",2.583,0.775,1.25
"N71","Nambour",1971,"G43",2.086,0.785,1.5
"N71","Nambour",1971,"G44",2.037,0.395,1
"N71","Nambour",1971,"G45",2.815,0.42,1
"N71","Nambour",1971,"G46",2.255,0.435,1
"N71","Nambour",1971,"G47",2.349,0.365,1
"N71","Nambour",1971,"G48",2.516,0.445,1
"N71","Nambour",1971,"G49",3.329,0.535,1
"N71","Nambour",1971,"G50",2.891,0.34,1
"N71","Nambour",1971,"G51",1.279,0.41,1
"N71","Nambour",1971,"G52",1.289,0.355,1
"N71","Nambour",1971,"G53",3.16,0.42,1
"N71","Nambour",1971,"G54",1.751,0.355,1
"N71","Nambour",1971,"G55",1.808,0.25,1
"N71","Nambour",1971,"G56",2.565,0.345,1
"N71","Nambour",1971,"G57",2.344,0.395,1
"N71","Nambour",1971,"G58",1.334,0.365,1
"R71","RedlandBay",1971,"G01",1.179,0.97,2.25
"R71","RedlandBay",1971,"G02",1.897,0.74,1.75
"R71","RedlandBay",1971,"G03",2.023,0.835,1.5
"R71","RedlandBay",1971,"G04",2.166,0.965,1.75
"R71","RedlandBay",1971,"G05",2.435,0.835,1.5
"R71","RedlandBay",1971,"G06",2.21,0.825,1.5
"R71","RedlandBay",1971,"G07",2.766,0.86,1.5
"R71","RedlandBay",1971,"G08",2.347,0.835,2
"R71","RedlandBay",1971,"G09",2.495,0.885,1.5
"R71","RedlandBay",1971,"G10",2.887,0.8,1.75
"R71","RedlandBay",1971,"G11",0.861,0.99,3.25
"R71","RedlandBay",1971,"G12",0.991,0.91,2.5
"R71","RedlandBay",1971,"G13",1.147,1.04,3
"R71","RedlandBay",1971,"G14",0.667,0.885,2
"R71","RedlandBay",1971,"G15",1.517,0.99,2.25
"R71","RedlandBay",1971,"G16",1.442,0.94,2.25
"R71","RedlandBay",1971,"G17",0.913,1.045,3.25
"R71","RedlandBay",1971,"G18",1.03,0.915,2.75
"R71","RedlandBay",1971,"G19",1.125,0.94,2.75
"R71","RedlandBay",1971,"G20",1.144,0.955,3.25
"R71","RedlandBay",1971,"G21",0.944,1.07,3
"R71","RedlandBay",1971,"G22",1.521,0.99,3
"R71","RedlandBay",1971,"G23",0.842,0.99,2.75
"R71","RedlandBay",1971,"G24",1.523,0.915,2
"R71","RedlandBay",1971,"G25",1.751,0.9,2
"R71","RedlandBay",1971,"G26",2.118,0.825,1.5
"R71","RedlandBay",1971,"G27",2.392,0.875,1.75
"R71","RedlandBay",1971,"G28",0.928,0.885,2.25
"R71","RedlandBay",1971,"G29",1.666,1.27,3
"R71","RedlandBay",1971,"G30",1.103,0.965,2.5
"R71","RedlandBay",1971,"G31",0.996,0.915,2.25
"R71","RedlandBay",1971,"G32",1.846,1.4,2.5
"R71","RedlandBay",1971,"G33",1.986,0.885,2.25
"R71","RedlandBay",1971,"G34",1.574,1.08,2
"R71","RedlandBay",1971,"G35",1.346,1.28,2
"R71","RedlandBay",1971,"G36",0.976,0.925,2.75
"R71","RedlandBay",1971,"G37",1.346,0.98,3
"R71","RedlandBay",1971,"G38",1.515,0.785,2
"R71","RedlandBay",1971,"G39",1.369,1.4,2.5
"R71","RedlandBay",1971,"G40",1.203,1.02,2
"R71","RedlandBay",1971,"G41",1.951,0.965,2.25
"R71","RedlandBay",1971,"G42",2.613,0.81,2.5
"R71","RedlandBay",1971,"G43",1.496,0.925,2.5
"R71","RedlandBay",1971,"G44",2.707,0.635,1.25
"R71","RedlandBay",1971,"G45",1.905,0.61,1
"R71","RedlandBay",1971,"G46",1.983,0.61,1
"R71","RedlandBay",1971,"G47",3.005,0.61,1
"R71","RedlandBay",1971,"G48",2.812,0.665,1.5
"R71","RedlandBay",1971,"G49",3.998,0.905,1.75
"R71","RedlandBay",1971,"G50",2.755,0.505,1.5
"R71","RedlandBay",1971,"G51",1.752,0.56,1
"R71","RedlandBay",1971,"G52",1.919,0.545,1
"R71","RedlandBay",1971,"G53",2.174,0.61,1
"R71","RedlandBay",1971,"G54",2.169,0.575,1
"R71","RedlandBay",1971,"G55",2.056,0.33,1
"R71","RedlandBay",1971,"G56",1.916,0.52,1
"R71","RedlandBay",1971,"G57",2.166,0.445,1
"R71","RedlandBay",1971,"G58",2.298,0.65,1.25
